21384247784,not_delivered,stolen
21387364258,not_delivered,stolen
21388612862,not_delivered,stolen
21384644611,not_delivered,stolen
21385935561,not_delivered,stolen
21384862553,not_delivered,stolen
21385894184,not_delivered,stolen
21386103560,not_delivered,stolen
21386077253,not_delivered,stolen
21387198981,not_delivered,stolen
21386484052,not_delivered,stolen
21385778132,not_delivered,stolen
21385891908,not_delivered,returning_to_sender
21386031505,not_delivered,returning_to_sender
21387276540,not_delivered,returning_to_sender
21385526098,not_delivered,stolen
21386701242,not_delivered,stolen
21386454238,not_delivered,stolen
21387475680,not_delivered,stolen
21386927278,not_delivered,returning_to_sender
21385981002,not_delivered,stolen
21386426105,not_delivered,stolen
21386976138,not_delivered,stolen
21384026075,not_delivered,stolen
21386940902,not_delivered,stolen
21388097390,not_delivered,stolen
21385824218,not_delivered,stolen
21384475451,not_delivered,stolen
21385460314,not_delivered,stolen
21386395207,not_delivered,stolen
21385310324,not_delivered,stolen
21384434964,not_delivered,stolen
21385142037,not_delivered,stolen
21384261901,not_delivered,returning_to_sender
21385434751,not_delivered,stolen
21385030807,not_delivered,returning_to_sender
21386774507,not_delivered,stolen
21385523821,not_delivered,returning_to_sender
21386156851,not_delivered,stolen
21385851068,not_delivered,stolen
21384488442,not_delivered,stolen
21385838112,not_delivered,returning_to_sender
21386617125,not_delivered,returning_to_sender
21385206605,not_delivered,stolen
21385990772,not_delivered,returning_to_sender
21386415055,not_delivered,stolen
21385446802,not_delivered,returning_to_sender
21386332045,not_delivered,stolen
21384980258,not_delivered,stolen
21384329341,not_delivered,stolen
21384101787,not_delivered,stolen
21384394217,not_delivered,stolen
21384918524,not_delivered,stolen
21383561559,not_delivered,stolen
21379528927,not_delivered,stolen
21384981627,not_delivered,stolen
21385719834,not_delivered,returned
21385111561,not_delivered,stolen
21386463557,not_delivered,stolen
21385209607,not_delivered,returning_to_sender
21385184354,not_delivered,stolen
21385765407,not_delivered,stolen
21385212701,not_delivered,returning_to_sender
21387345492,not_delivered,stolen
21387556385,not_delivered,stolen
21385204474,not_delivered,stolen
21385554987,not_delivered,returning_to_sender
21387703525,not_delivered,stolen
21385090227,not_delivered,stolen
21386243834,not_delivered,stolen
21387348352,not_delivered,stolen
21386299964,not_delivered,returning_to_sender
21386689390,not_delivered,stolen
21386450710,not_delivered,stolen
21384868589,not_delivered,stolen
21384950920,not_delivered,stolen
21385323440,not_delivered,returning_to_sender
21385456013,not_delivered,returning_to_sender
21384258963,not_delivered,stolen
21385123819,not_delivered,stolen
21385319033,not_delivered,stolen
21385802970,not_delivered,stolen
21386116219,not_delivered,stolen
21385011329,not_delivered,stolen
21386805583,not_delivered,stolen
21385936469,not_delivered,returning_to_sender
21386620169,not_delivered,returning_to_sender
21385573829,not_delivered,returning_to_sender
21386442056,not_delivered,stolen
21385814486,not_delivered,stolen
21383794508,not_delivered,stolen
21383535628,not_delivered,stolen
21383635512,not_delivered,stolen
21386285739,not_delivered,returning_to_sender
21386292316,not_delivered,stolen
21386760200,not_delivered,stolen
21386857076,not_delivered,stolen
21384307360,not_delivered,stolen
21385685250,not_delivered,returning_to_sender
21386594750,not_delivered,returning_to_sender
21389382781,not_delivered,stolen
21385160916,not_delivered,returning_to_sender
21384400885,not_delivered,stolen
21385904965,not_delivered,stolen
21386509305,not_delivered,stolen
21385843788,not_delivered,returning_to_sender
21384694368,not_delivered,stolen
21382587914,not_delivered,stolen
21385547645,not_delivered,returning_to_sender
21385475175,not_delivered,returning_to_sender
21385837185,not_delivered,returning_to_sender
21384937225,not_delivered,stolen
21385638975,not_delivered,returning_to_sender
21386241325,not_delivered,returning_to_sender
21386419528,not_delivered,returning_to_sender
21385799265,not_delivered,stolen
21387027873,not_delivered,stolen
21384503235,not_delivered,returning_to_sender
21386107488,not_delivered,returning_to_sender
21385621982,not_delivered,returning_to_sender
21385841345,not_delivered,returning_to_sender
21386147042,not_delivered,returning_to_sender
21387624960,not_delivered,returning_to_sender
21386400332,not_delivered,returning_to_sender
21385834105,not_delivered,returning_to_sender
21386030348,not_delivered,returning_to_sender
21386713608,not_delivered,returning_to_sender
21385531218,not_delivered,returning_to_sender
21387460073,not_delivered,returning_to_sender
21386496785,not_delivered,returning_to_sender
21387263953,not_delivered,returning_to_sender
21384640265,not_delivered,returning_to_sender
21387003429,not_delivered,returning_to_sender
21386406962,not_delivered,returning_to_sender
21385897432,not_delivered,returning_to_sender
21386118512,not_delivered,returning_to_sender
21385090978,not_delivered,returning_to_sender
21385632282,not_delivered,returning_to_sender
21387606583,not_delivered,returning_to_sender
21386505478,not_delivered,returning_to_sender
21386421542,not_delivered,returning_to_sender
21384493455,not_delivered,returning_to_sender
21385893942,not_delivered,returning_to_sender
21385695242,not_delivered,returning_to_sender
21387769689,not_delivered,returning_to_sender
21386786028,not_delivered,returning_to_sender
21387458516,not_delivered,returning_to_sender
21386465348,not_delivered,stolen
21386216385,not_delivered,returning_to_sender
21385599545,not_delivered,returning_to_sender
21383587864,not_delivered,stolen
21385794392,not_delivered,stolen
21386521525,not_delivered,stolen
21384815798,not_delivered,stolen
21385777982,not_delivered,returning_to_sender
21385445952,not_delivered,returning_to_sender
21385333645,not_delivered,returning_to_sender
21385371392,not_delivered,returning_to_sender
21385864385,not_delivered,returning_to_sender
21385751905,not_delivered,stolen
21386446165,not_delivered,returned
21385745275,not_delivered,returning_to_sender
21385700995,not_delivered,returning_to_sender
21386148552,not_delivered,returning_to_sender
21385967918,not_delivered,returning_to_sender
21386197112,not_delivered,returning_to_sender
21384468028,not_delivered,stolen
21385715425,not_delivered,stolen
21383828097,not_delivered,stolen
21385780978,not_delivered,returning_to_sender
21387305743,not_delivered,returning_to_sender
21385760855,not_delivered,returning_to_sender
21385673368,not_delivered,returning_to_sender
21386179165,not_delivered,returning_to_sender
21387121860,not_delivered,returning_to_sender
21386663935,not_delivered,returning_to_sender
21386444905,not_delivered,returning_to_sender
21386549522,not_delivered,returning_to_sender
21386143538,not_delivered,returning_to_sender
21385988988,not_delivered,returning_to_sender
21385730505,not_delivered,returning_to_sender
21385900728,not_delivered,returning_to_sender
21385799032,not_delivered,returning_to_sender
21385626665,not_delivered,returning_to_sender
21385896592,not_delivered,returning_to_sender
21387657803,not_delivered,returning_to_sender
21386548118,not_delivered,stolen
21384854825,not_delivered,stolen
21385646108,not_delivered,returning_to_sender
21385903685,not_delivered,returned
21385682265,not_delivered,returning_to_sender
21386034568,not_delivered,stolen
21385704312,not_delivered,returning_to_sender
21384628472,not_delivered,stolen
21385034808,not_delivered,stolen
21384902282,not_delivered,returned
21386101482,not_delivered,returning_to_sender
21385189728,not_delivered,returning_to_sender
21385680365,not_delivered,stolen
21386570485,not_delivered,stolen
21386030782,not_delivered,returned
21386724075,not_delivered,returning_to_sender
21385676112,not_delivered,returning_to_sender
21386179535,not_delivered,returning_to_sender
21385697668,not_delivered,returning_to_sender
21385782128,not_delivered,returning_to_sender
21385923892,not_delivered,returning_to_sender
21385273665,not_delivered,returned
21385629515,not_delivered,returning_to_sender
21385422565,not_delivered,stolen
21384843518,not_delivered,stolen
21386164238,not_delivered,returning_to_sender
21386337948,not_delivered,stolen
21385443725,not_delivered,returning_to_sender
21385897218,not_delivered,returning_to_sender
21385623492,not_delivered,returning_to_sender
21387662316,not_delivered,stolen
21386013252,not_delivered,returning_to_sender
21386754572,not_delivered,returning_to_sender
21385634088,not_delivered,returning_to_sender
21386558962,not_delivered,stolen
21384911118,not_delivered,returning_to_sender
21385184235,not_delivered,returning_to_sender
21385520198,not_delivered,stolen
21385787875,not_delivered,returning_to_sender
21385838875,not_delivered,stolen
21384820915,not_delivered,returned
21386197532,not_delivered,returning_to_sender
21386627868,not_delivered,returning_to_sender
21385136255,not_delivered,returning_to_sender
21386355558,not_delivered,stolen
21386575935,not_delivered,stolen
21386569868,not_delivered,returning_to_sender
21384873825,not_delivered,returning_to_sender
21385570845,not_delivered,returning_to_sender
21386166405,not_delivered,returning_to_sender
21385589252,not_delivered,returning_to_sender
21386499635,not_delivered,returning_to_sender
21386103515,not_delivered,returning_to_sender
21386166638,not_delivered,returning_to_sender
21385849788,not_delivered,returning_to_sender
21387563076,not_delivered,returning_to_sender
21385900422,not_delivered,returning_to_sender
21385615165,not_delivered,returning_to_sender
21385816472,not_delivered,returning_to_sender
21385735362,not_delivered,returning_to_sender
21386869725,not_delivered,returning_to_sender
21386286455,not_delivered,returning_to_sender
21386769165,not_delivered,returning_to_sender
21386250025,not_delivered,returning_to_sender
21385681635,not_delivered,returning_to_sender
21386604772,not_delivered,returning_to_sender
21387613530,not_delivered,returning_to_sender
21386193302,not_delivered,returning_to_sender
21385089992,not_delivered,stolen
21386990025,not_delivered,returning_to_sender
21384957528,not_delivered,stolen
21386334608,not_delivered,stolen
21387517580,not_delivered,returning_to_sender
21385976858,not_delivered,stolen
21385101075,not_delivered,returning_to_sender
21385767308,not_delivered,returning_to_sender
21384809642,not_delivered,returning_to_sender
21387200200,not_delivered,returning_to_sender
21387144643,not_delivered,returning_to_sender
21386079918,not_delivered,returning_to_sender
21384231895,not_delivered,returning_to_sender
21384411485,not_delivered,returning_to_sender
21384633685,not_delivered,returning_to_sender
21386303468,not_delivered,returning_to_sender
21388047836,not_delivered,returning_to_sender
21386702158,not_delivered,returning_to_sender
21387299626,not_delivered,returning_to_sender
21386361668,not_delivered,returning_to_sender
21386805438,not_delivered,returning_to_sender
21385808765,not_delivered,returning_to_sender
21385474775,not_delivered,returning_to_sender
21385641862,not_delivered,returning_to_sender
21385903515,not_delivered,returning_to_sender
21385708612,not_delivered,returning_to_sender
21386106778,not_delivered,returning_to_sender
21385637448,not_delivered,returning_to_sender
21386461355,not_delivered,returning_to_sender
21386331748,not_delivered,returning_to_sender
21387005960,not_delivered,returning_to_sender
21386598235,not_delivered,returning_to_sender
21387241519,not_delivered,returning_to_sender
21387138406,not_delivered,returning_to_sender
21387274750,not_delivered,returning_to_sender
21386438462,not_delivered,returning_to_sender
21386184495,not_delivered,returning_to_sender
21386456255,not_delivered,stolen
21388617653,not_delivered,stolen
21384233365,not_delivered,stolen
21387033769,not_delivered,stolen
21386918402,not_delivered,stolen
21387410486,not_delivered,returning_to_sender
21383447198,not_delivered,stolen
21385089013,not_delivered,stolen
21386174839,not_delivered,returned
21385686030,not_delivered,returned
21385014243,not_delivered,stolen
21385650799,not_delivered,returning_to_sender
21385444433,not_delivered,returning_to_sender
21384798769,not_delivered,stolen
21384727299,not_delivered,returned
21384062289,not_delivered,returned
21385727726,not_delivered,returning_to_sender
21383927018,not_delivered,stolen
21386604696,not_delivered,returning_to_sender
21386379679,not_delivered,returning_to_sender
21386311443,not_delivered,returning_to_sender
21387243934,not_delivered,returning_to_sender
21386318470,not_delivered,stolen
21386637130,not_delivered,stolen
21385685753,not_delivered,stolen
21386883500,not_delivered,stolen
21387489487,not_delivered,stolen
21386049070,not_delivered,stolen
21383754745,not_delivered,stolen
21385639779,not_delivered,stolen
21385476619,not_delivered,stolen
21386017279,not_delivered,stolen
21387145921,not_delivered,stolen
21386600303,not_delivered,returning_to_sender
21386028783,not_delivered,returned
21384055520,not_delivered,stolen
21385833516,not_delivered,returning_to_sender
21385775960,not_delivered,returning_to_sender
21385983366,not_delivered,stolen
21384935400,not_delivered,returning_to_sender
21386253359,not_delivered,returned
21385369516,not_delivered,stolen
21386266270,not_delivered,returning_to_sender
21384972990,not_delivered,stolen
21384811270,not_delivered,stolen
21384955030,not_delivered,returning_to_sender
21385982659,not_delivered,returning_to_sender
21384684660,not_delivered,stolen
21384552083,not_delivered,stolen
21385036196,not_delivered,stolen
21385489066,not_delivered,stolen
21385591309,not_delivered,returning_to_sender
21385919549,not_delivered,returning_to_sender
21385870119,not_delivered,returning_to_sender
21385777113,not_delivered,returning_to_sender
21384292913,not_delivered,returning_to_sender
21386714560,not_delivered,returning_to_sender
21385972376,not_delivered,returning_to_sender
21386146679,not_delivered,stolen
21385308533,not_delivered,returning_to_sender
21385442963,not_delivered,returning_to_sender
21384518030,not_delivered,returning_to_sender
21385443353,not_delivered,returning_to_sender
21385910383,not_delivered,returning_to_sender
21385171579,not_delivered,returning_to_sender
21386464160,not_delivered,returning_to_sender
21386443703,not_delivered,returning_to_sender
21387109434,not_delivered,returning_to_sender
21385704510,not_delivered,returning_to_sender
21386868766,not_delivered,returning_to_sender
21385654190,not_delivered,returning_to_sender
21386453699,not_delivered,returning_to_sender
21385453636,not_delivered,returning_to_sender
21385851830,not_delivered,returning_to_sender
21386391786,not_delivered,returning_to_sender
21385901293,not_delivered,returning_to_sender
21385461956,not_delivered,returning_to_sender
21385979846,not_delivered,returning_to_sender
21385789466,not_delivered,returning_to_sender
21385408706,not_delivered,returning_to_sender
21385591316,not_delivered,returning_to_sender
21386933083,not_delivered,returning_to_sender
21385835500,not_delivered,returning_to_sender
21387020387,not_delivered,returning_to_sender
21384685290,not_delivered,returning_to_sender
21386063993,not_delivered,returning_to_sender
21385771800,not_delivered,returning_to_sender
21385180703,not_delivered,returning_to_sender
21384334119,not_delivered,returning_to_sender
21387222027,not_delivered,returning_to_sender
21385877526,not_delivered,returning_to_sender
21386269779,not_delivered,returning_to_sender
21386287846,not_delivered,returning_to_sender
21386990646,not_delivered,returning_to_sender
21385758029,not_delivered,returning_to_sender
21385671980,not_delivered,returning_to_sender
21386311400,not_delivered,returning_to_sender
21385635943,not_delivered,returning_to_sender
21387295257,not_delivered,returning_to_sender
21383410962,not_delivered,returning_to_sender
21385198489,not_delivered,returning_to_sender
21385896920,not_delivered,returning_to_sender
21385800596,not_delivered,returning_to_sender
21385428963,not_delivered,returning_to_sender
21385982356,not_delivered,returning_to_sender
21386979126,not_delivered,returning_to_sender
21386375519,not_delivered,returning_to_sender
21387303221,not_delivered,returning_to_sender
21386873943,not_delivered,returning_to_sender
21386358046,not_delivered,returning_to_sender
21386212886,not_delivered,returning_to_sender
21385389646,not_delivered,returning_to_sender
21385899126,not_delivered,returning_to_sender
21387352381,not_delivered,stolen
21386957139,not_delivered,stolen
21387362304,not_delivered,stolen
21387354231,not_delivered,stolen
21386110023,not_delivered,stolen
21386793413,not_delivered,stolen
21388793707,not_delivered,returning_to_sender
21385392937,not_delivered,stolen
21384226851,not_delivered,stolen
21386000221,not_delivered,stolen
21383779113,not_delivered,returned
21385007911,not_delivered,stolen
21385354761,not_delivered,stolen
21385348341,not_delivered,returned
21385213657,not_delivered,stolen
21385519264,not_delivered,stolen
21384957261,not_delivered,stolen
21385819621,not_delivered,stolen
21383676326,not_delivered,stolen
21385075557,not_delivered,stolen
21385143107,not_delivered,returning_to_sender
21384259547,not_delivered,returning_to_sender
21385803617,not_delivered,returning_to_sender
21386129127,not_delivered,returning_to_sender
21385184151,not_delivered,returning_to_sender
21385770291,not_delivered,returning_to_sender
21384775961,not_delivered,stolen
21385800144,not_delivered,returning_to_sender
21387316985,not_delivered,stolen
21387581595,not_delivered,stolen
21385827054,not_delivered,returning_to_sender
21387245932,not_delivered,stolen
21385554804,not_delivered,returning_to_sender
21385541394,not_delivered,returning_to_sender
21386348277,not_delivered,returning_to_sender
21387364232,not_delivered,stolen
21384833771,not_delivered,stolen
21385577534,not_delivered,returning_to_sender
21385596464,not_delivered,returning_to_sender
21384154641,not_delivered,returning_to_sender
21386014304,not_delivered,returning_to_sender
21386571474,not_delivered,stolen
21386991951,not_delivered,stolen
21386778114,not_delivered,returning_to_sender
21385874877,not_delivered,returning_to_sender
21385758134,not_delivered,returning_to_sender
21386600007,not_delivered,returning_to_sender
21386205624,not_delivered,returning_to_sender
21386633344,not_delivered,returning_to_sender
21385648917,not_delivered,returning_to_sender
21386833831,not_delivered,returning_to_sender
21384514251,not_delivered,returning_to_sender
21385789704,not_delivered,returning_to_sender
21385307234,not_delivered,returning_to_sender
21385204137,not_delivered,stolen
21386481584,not_delivered,stolen
21385490224,not_delivered,stolen
21385667501,not_delivered,stolen
21385523861,not_delivered,stolen
21385521257,not_delivered,returning_to_sender
21385634947,not_delivered,returning_to_sender
21384931657,not_delivered,returning_to_sender
21385425567,not_delivered,returning_to_sender
21386618651,not_delivered,returning_to_sender
21386029031,not_delivered,stolen
21385628971,not_delivered,returning_to_sender
21386572314,not_delivered,stolen
21385356541,not_delivered,returned
21383718109,not_delivered,returning_to_sender
21385700414,not_delivered,stolen
21386372024,not_delivered,returning_to_sender
21385654767,not_delivered,returning_to_sender
21385889287,not_delivered,returning_to_sender
21385460501,not_delivered,returning_to_sender
21385885951,not_delivered,returning_to_sender
21385585727,not_delivered,returning_to_sender
21386073254,not_delivered,returning_to_sender
21386483011,not_delivered,returning_to_sender
21385690634,not_delivered,returning_to_sender
21387195365,not_delivered,returning_to_sender
21385634264,not_delivered,returning_to_sender
21386205751,not_delivered,returning_to_sender
21386785657,not_delivered,returning_to_sender
21385306591,not_delivered,returning_to_sender
21385216031,not_delivered,returning_to_sender
21386719904,not_delivered,returning_to_sender
21384155194,not_delivered,returning_to_sender
21385881101,not_delivered,returning_to_sender
21385814277,not_delivered,returning_to_sender
21384146004,not_delivered,returning_to_sender
21385962684,not_delivered,returning_to_sender
21385520987,not_delivered,returning_to_sender
21387388345,not_delivered,returning_to_sender
21386225507,not_delivered,returning_to_sender
21385967177,not_delivered,returning_to_sender
21387433582,not_delivered,returning_to_sender
21387123575,not_delivered,returning_to_sender
21384219274,not_delivered,returning_to_sender
21383712613,not_delivered,returning_to_sender
21385807044,not_delivered,returning_to_sender
21385594874,not_delivered,returning_to_sender
21385099021,not_delivered,returning_to_sender
21386788257,not_delivered,returning_to_sender
21386528797,not_delivered,returning_to_sender
21385790174,not_delivered,returning_to_sender
21387080775,not_delivered,returning_to_sender
21386169654,not_delivered,stolen
21384083131,not_delivered,stolen
21384376391,not_delivered,stolen
21384697501,not_delivered,stolen
21384881041,not_delivered,stolen
21385432251,not_delivered,stolen
21385062767,not_delivered,stolen
21385465384,not_delivered,stolen
21385292871,not_delivered,returned
21385310887,not_delivered,returned
21385839971,not_delivered,returning_to_sender
21385740224,not_delivered,returning_to_sender
21384006031,not_delivered,stolen
21385176734,not_delivered,stolen
21386579181,not_delivered,returning_to_sender
21386396547,not_delivered,returning_to_sender
21385389274,not_delivered,stolen
21384867921,not_delivered,stolen
21385402817,not_delivered,returning_to_sender
21385424087,not_delivered,returning_to_sender
21386103904,not_delivered,returning_to_sender
21383852949,not_delivered,returning_to_sender
21385536604,not_delivered,returning_to_sender
21385870487,not_delivered,returning_to_sender
21384378601,not_delivered,returning_to_sender
21384228604,not_delivered,returning_to_sender
21385780371,not_delivered,returning_to_sender
21386194131,not_delivered,returning_to_sender
21385633791,not_delivered,returning_to_sender
21385455784,not_delivered,returning_to_sender
21386500597,not_delivered,returning_to_sender
21385375141,not_delivered,returning_to_sender
21386211644,not_delivered,returning_to_sender
21385559334,not_delivered,stolen
21386891561,not_delivered,stolen
21385594671,not_delivered,returning_to_sender
21385799687,not_delivered,stolen
21387079188,not_delivered,stolen
21386458861,not_delivered,returning_to_sender
21385601217,not_delivered,returning_to_sender
21385888384,not_delivered,stolen
21386009621,not_delivered,stolen
21385149111,not_delivered,returning_to_sender
21384859947,not_delivered,stolen
21384814124,not_delivered,returning_to_sender
21386167157,not_delivered,returning_to_sender
21385586197,not_delivered,returning_to_sender
21387871065,not_delivered,stolen
21385292117,not_delivered,stolen
21386870957,not_delivered,stolen
21386981677,not_delivered,stolen
21385704821,not_delivered,returning_to_sender
21385551474,not_delivered,returning_to_sender
21386298781,not_delivered,returning_to_sender
21387676395,not_delivered,returning_to_sender
21385645311,not_delivered,returning_to_sender
21386051691,not_delivered,returning_to_sender
21387033468,not_delivered,stolen
21385851254,not_delivered,returning_to_sender
21385623747,not_delivered,returning_to_sender
21385653364,not_delivered,returning_to_sender
21387018232,not_delivered,returning_to_sender
21386155741,not_delivered,returning_to_sender
21386184517,not_delivered,returning_to_sender
21386368281,not_delivered,returning_to_sender
21385329061,not_delivered,returning_to_sender
21386978307,not_delivered,returning_to_sender
21389070208,not_delivered,returning_to_sender
21385652741,not_delivered,returning_to_sender
21386188817,not_delivered,returning_to_sender
21384913414,not_delivered,returning_to_sender
21385963814,not_delivered,returning_to_sender
21386842141,not_delivered,returning_to_sender
21386560104,not_delivered,returning_to_sender
21386214511,not_delivered,returning_to_sender
21387618265,not_delivered,returning_to_sender
21386060801,not_delivered,returning_to_sender
21385297814,not_delivered,stolen
21384935824,not_delivered,returning_to_sender
21385616437,not_delivered,returning_to_sender
21386156124,not_delivered,returning_to_sender
21386279604,not_delivered,returning_to_sender
21385452057,not_delivered,returning_to_sender
21386015887,not_delivered,returning_to_sender
21384799794,not_delivered,returning_to_sender
21384058847,not_delivered,returning_to_sender
21385861594,not_delivered,returning_to_sender
21386852304,not_delivered,returning_to_sender
21387645725,not_delivered,returning_to_sender
21385970977,not_delivered,returning_to_sender
21387502432,not_delivered,returning_to_sender
21385703164,not_delivered,returning_to_sender
21386456827,not_delivered,returning_to_sender
21385898977,not_delivered,returning_to_sender
21385463934,not_delivered,returning_to_sender
21387694878,not_delivered,returning_to_sender
21387499292,not_delivered,returning_to_sender
21386544007,not_delivered,stolen
21388774328,not_delivered,stolen
21388094442,not_delivered,returning_to_sender
21386365977,not_delivered,stolen
21384780881,not_delivered,stolen
21380545653,not_delivered,stolen
21384854131,not_delivered,returned
21385798284,not_delivered,stolen
21385910357,not_delivered,returned
21385987781,not_delivered,returning_to_sender
21386755184,not_delivered,stolen
21385696844,not_delivered,returned
21385032531,not_delivered,stolen
21385022587,not_delivered,returning_to_sender
21384578654,not_delivered,returning_to_sender
21386152981,not_delivered,returning_to_sender
21386196927,not_delivered,returning_to_sender
21384650224,not_delivered,stolen
21384302584,not_delivered,stolen
21385584241,not_delivered,stolen
21385312457,not_delivered,stolen
21385615577,not_delivered,stolen
21385031297,not_delivered,stolen
21385565734,not_delivered,returning_to_sender
21385587581,not_delivered,stolen
21385787061,not_delivered,returning_to_sender
21385133997,not_delivered,stolen
21384127204,not_delivered,stolen
21385162097,not_delivered,stolen
21386168647,not_delivered,stolen
21384932951,not_delivered,stolen
21385565811,not_delivered,returning_to_sender
21386090181,not_delivered,returning_to_sender
21386647064,not_delivered,stolen
21385786114,not_delivered,returning_to_sender
21385099954,not_delivered,returning_to_sender
21385812471,not_delivered,stolen
21385434477,not_delivered,stolen
21383989183,not_delivered,stolen
21386554574,not_delivered,stolen
21385897067,not_delivered,returning_to_sender
21386749601,not_delivered,returning_to_sender
21386465574,not_delivered,stolen
21385743847,not_delivered,returning_to_sender
21386934221,not_delivered,returning_to_sender
21387448402,not_delivered,returning_to_sender
21385940227,not_delivered,returning_to_sender
21385874394,not_delivered,returning_to_sender
21385653197,not_delivered,returning_to_sender
21386132541,not_delivered,returning_to_sender
21385806664,not_delivered,returning_to_sender
21385939004,not_delivered,returning_to_sender
21386473387,not_delivered,returning_to_sender
21385388681,not_delivered,stolen
21386091634,not_delivered,returning_to_sender
21386000281,not_delivered,returning_to_sender
21385603267,not_delivered,returning_to_sender
21386774711,not_delivered,stolen
21386356331,not_delivered,returning_to_sender
21386111514,not_delivered,returning_to_sender
21386727981,not_delivered,returning_to_sender
21386831491,not_delivered,returning_to_sender
21386191941,not_delivered,returning_to_sender
21386244947,not_delivered,returning_to_sender
21384913627,not_delivered,returning_to_sender
21386006981,not_delivered,returning_to_sender
21385835137,not_delivered,returning_to_sender
21384804251,not_delivered,returning_to_sender
21385736847,not_delivered,returning_to_sender
21385648117,not_delivered,returning_to_sender
21385696147,not_delivered,returning_to_sender
21386108941,not_delivered,returning_to_sender
21385663564,not_delivered,returning_to_sender
21387092088,not_delivered,stolen
21385534931,not_delivered,returning_to_sender
21385842757,not_delivered,returning_to_sender
21385681984,not_delivered,returning_to_sender
21385460681,not_delivered,returning_to_sender
21386119094,not_delivered,returning_to_sender
21386933691,not_delivered,returning_to_sender
21385603197,not_delivered,returning_to_sender
21387054045,not_delivered,returning_to_sender
21386188981,not_delivered,returning_to_sender
21385696724,not_delivered,returning_to_sender
21386361227,not_delivered,returning_to_sender
21385867337,not_delivered,returning_to_sender
21387543598,not_delivered,returning_to_sender
21387234692,not_delivered,returning_to_sender
21386540864,not_delivered,returning_to_sender
21385861524,not_delivered,returning_to_sender
21386222657,not_delivered,returning_to_sender
21386746114,not_delivered,returning_to_sender
21387312335,not_delivered,returning_to_sender
21387564652,not_delivered,returning_to_sender
21385727721,not_delivered,returning_to_sender
21385895061,not_delivered,returning_to_sender
21386471014,not_delivered,returning_to_sender
21385964537,not_delivered,returning_to_sender
21384635194,not_delivered,returning_to_sender
21385714711,not_delivered,returning_to_sender
21386368191,not_delivered,returning_to_sender
21385529204,not_delivered,returning_to_sender
21385796574,not_delivered,returning_to_sender
21386445711,not_delivered,returning_to_sender
21386115807,not_delivered,returning_to_sender
21387598182,not_delivered,returning_to_sender
21388043645,not_delivered,stolen
21385898717,not_delivered,returning_to_sender
21385610711,not_delivered,returning_to_sender
21385334234,not_delivered,stolen
21385818651,not_delivered,stolen
21384838367,not_delivered,stolen
21385976031,not_delivered,stolen
21380831739,not_delivered,stolen
21385022214,not_delivered,stolen
21383960409,not_delivered,stolen
21386254844,not_delivered,stolen
21386310754,not_delivered,stolen
21385040014,not_delivered,returning_to_sender
21385173341,not_delivered,stolen
21385726854,not_delivered,returning_to_sender
21386336541,not_delivered,returning_to_sender
21386153337,not_delivered,returning_to_sender
21386119334,not_delivered,returning_to_sender
21385783664,not_delivered,returning_to_sender
21385035084,not_delivered,returning_to_sender
21385942087,not_delivered,returning_to_sender
21386032101,not_delivered,returning_to_sender
21387087285,not_delivered,stolen
21384316077,not_delivered,returning_to_sender
21385702967,not_delivered,returning_to_sender
21386113987,not_delivered,returning_to_sender
21386002104,not_delivered,returning_to_sender
21385963444,not_delivered,returning_to_sender
21385359181,not_delivered,returning_to_sender
21386269867,not_delivered,returning_to_sender
21385668804,not_delivered,returning_to_sender
21386104621,not_delivered,returning_to_sender
21385963014,not_delivered,returning_to_sender
21386805394,not_delivered,returning_to_sender
21385762707,not_delivered,returning_to_sender
21384242854,not_delivered,stolen
21386425471,not_delivered,returned
21384312481,not_delivered,returning_to_sender
21385660064,not_delivered,returning_to_sender
21385890111,not_delivered,returning_to_sender
21383544366,not_delivered,stolen
21386490037,not_delivered,stolen
21383714616,not_delivered,stolen
21385186217,not_delivered,stolen
21385048537,not_delivered,stolen
21383714700,not_delivered,stolen
21383641530,not_delivered,stolen
21385688857,not_delivered,returning_to_sender
21385342554,not_delivered,returning_to_sender
21385739511,not_delivered,returning_to_sender
21386401801,not_delivered,returning_to_sender
21385666214,not_delivered,returning_to_sender
21385318707,not_delivered,returning_to_sender
21385570117,not_delivered,returning_to_sender
21385168594,not_delivered,returning_to_sender
21387486305,not_delivered,returning_to_sender
21385866941,not_delivered,returning_to_sender
21385659144,not_delivered,returning_to_sender
21385834121,not_delivered,returning_to_sender
21381983663,not_delivered,returning_to_sender
21387116988,not_delivered,returning_to_sender
21385901127,not_delivered,returning_to_sender
21385531664,not_delivered,returning_to_sender
21386268131,not_delivered,returning_to_sender
21385422394,not_delivered,returning_to_sender
21386627717,not_delivered,returning_to_sender
21387201602,not_delivered,returning_to_sender
21385722751,not_delivered,returning_to_sender
21386513764,not_delivered,returning_to_sender
21386686124,not_delivered,returning_to_sender
21387253115,not_delivered,returning_to_sender
21386782597,not_delivered,returning_to_sender
21384814444,not_delivered,returning_to_sender
21385827861,not_delivered,returning_to_sender
21386981911,not_delivered,returning_to_sender
21387664122,not_delivered,returning_to_sender
21387085582,not_delivered,returning_to_sender
21387367935,not_delivered,returning_to_sender
21386682204,not_delivered,returning_to_sender
21385714114,not_delivered,returning_to_sender
21387516912,not_delivered,returning_to_sender
21386873024,not_delivered,returning_to_sender
21386566941,not_delivered,returning_to_sender
21384904271,not_delivered,returning_to_sender
21386544841,not_delivered,returning_to_sender
21386896204,not_delivered,returning_to_sender
21386849171,not_delivered,returning_to_sender
21385699897,not_delivered,returning_to_sender
21386127337,not_delivered,returning_to_sender
21387010798,not_delivered,returning_to_sender
21386045907,not_delivered,returning_to_sender
21385723007,not_delivered,returning_to_sender
21386453857,not_delivered,returning_to_sender
21386143631,not_delivered,returning_to_sender
21385685144,not_delivered,returning_to_sender
21386837614,not_delivered,returning_to_sender
21389588538,not_delivered,stolen
21385470507,not_delivered,stolen
21384930531,not_delivered,stolen
21383402083,not_delivered,stolen
21385825194,not_delivered,returning_to_sender
21385603986,not_delivered,stolen
21385045246,not_delivered,stolen
21385463753,not_delivered,returning_to_sender
21386168260,not_delivered,returning_to_sender
21385042350,not_delivered,returning_to_sender
21385792063,not_delivered,stolen
21386751793,not_delivered,returning_to_sender
21385800823,not_delivered,returning_to_sender
21386374449,not_delivered,stolen
21386511743,not_delivered,stolen
21385663276,not_delivered,stolen
21384564389,not_delivered,stolen
21386103576,not_delivered,returning_to_sender
21380693602,not_delivered,returning_to_sender
21386906456,not_delivered,stolen
21387656224,not_delivered,stolen
21386875036,not_delivered,stolen
21387050584,not_delivered,stolen
21385844390,not_delivered,stolen
21386577649,not_delivered,stolen
21385870220,not_delivered,stolen
21384376493,not_delivered,stolen
21385527559,not_delivered,returning_to_sender
21386001946,not_delivered,returning_to_sender
21386925829,not_delivered,returning_to_sender
21385758546,not_delivered,returning_to_sender
21386895969,not_delivered,returning_to_sender
21385406056,not_delivered,returning_to_sender
21386795070,not_delivered,stolen
21386543049,not_delivered,returning_to_sender
21385858889,not_delivered,returning_to_sender
21386146420,not_delivered,returning_to_sender
21385290973,not_delivered,stolen
21385060439,not_delivered,stolen
21386161050,not_delivered,returning_to_sender
21386887219,not_delivered,returning_to_sender
21386137260,not_delivered,stolen
21386680233,not_delivered,returning_to_sender
21384682720,not_delivered,returning_to_sender
21385346156,not_delivered,stolen
21385487450,not_delivered,returning_to_sender
21385464960,not_delivered,returning_to_sender
21385023110,not_delivered,returning_to_sender
21385898816,not_delivered,returning_to_sender
21384995363,not_delivered,stolen
21384756296,not_delivered,stolen
21385948279,not_delivered,stolen
21384005693,not_delivered,returning_to_sender
21385426530,not_delivered,returned
21386298889,not_delivered,returning_to_sender
21386204266,not_delivered,stolen
21386347770,not_delivered,stolen
21385206526,not_delivered,returning_to_sender
21386400136,not_delivered,returning_to_sender
21385742753,not_delivered,returning_to_sender
21386362906,not_delivered,returned
21385720413,not_delivered,returning_to_sender
21384385103,not_delivered,returning_to_sender
21386041269,not_delivered,returning_to_sender
21385409699,not_delivered,returning_to_sender
21385889423,not_delivered,returning_to_sender
21385011033,not_delivered,returning_to_sender
21385291596,not_delivered,returning_to_sender
21386915159,not_delivered,returning_to_sender
21387390531,not_delivered,returning_to_sender
21385907220,not_delivered,returning_to_sender
21385763336,not_delivered,returning_to_sender
21386080729,not_delivered,returning_to_sender
21387078954,not_delivered,returning_to_sender
21385930896,not_delivered,returning_to_sender
21386178156,not_delivered,stolen
21384778620,not_delivered,stolen
21384404580,not_delivered,returning_to_sender
21386172076,not_delivered,returning_to_sender
21386328559,not_delivered,returning_to_sender
21385655723,not_delivered,returning_to_sender
21387669594,not_delivered,returning_to_sender
21385832333,not_delivered,returning_to_sender
21385878899,not_delivered,returning_to_sender
21386011096,not_delivered,returning_to_sender
21386321399,not_delivered,returning_to_sender
21387112067,not_delivered,returning_to_sender
21388171564,not_delivered,returning_to_sender
21385891790,not_delivered,returning_to_sender
21385841000,not_delivered,returning_to_sender
21386562063,not_delivered,returning_to_sender
21385645293,not_delivered,returning_to_sender
21386305386,not_delivered,stolen
21385798960,not_delivered,returning_to_sender
21385789940,not_delivered,returning_to_sender
21386327746,not_delivered,returning_to_sender
21385684366,not_delivered,returning_to_sender
21384951649,not_delivered,returning_to_sender
21385537926,not_delivered,returning_to_sender
21386369630,not_delivered,returning_to_sender
21385402770,not_delivered,returning_to_sender
21385760096,not_delivered,returning_to_sender
21385944640,not_delivered,returning_to_sender
21385228056,not_delivered,returning_to_sender
21386994696,not_delivered,returning_to_sender
21386767529,not_delivered,returning_to_sender
21386256736,not_delivered,returning_to_sender
21386661620,not_delivered,returning_to_sender
21385678910,not_delivered,returning_to_sender
21386264176,not_delivered,returning_to_sender
21385810550,not_delivered,returning_to_sender
21386344303,not_delivered,returning_to_sender
21386599946,not_delivered,returning_to_sender
21386745676,not_delivered,returning_to_sender
21385784616,not_delivered,returning_to_sender
21386393266,not_delivered,returning_to_sender
21385704979,not_delivered,returning_to_sender
21386307483,not_delivered,returning_to_sender
21385635129,not_delivered,returning_to_sender
21385794956,not_delivered,returning_to_sender
21389564431,not_delivered,stolen
21385737273,not_delivered,returning_to_sender
21384442383,not_delivered,returning_to_sender
21387706334,not_delivered,returning_to_sender
21387625077,not_delivered,stolen
21386475653,not_delivered,returning_to_sender
21385478396,not_delivered,returning_to_sender
21386616973,not_delivered,stolen
21385935644,not_delivered,stolen
21384794311,not_delivered,stolen
21385512581,not_delivered,returned
21385873584,not_delivered,returning_to_sender
21385637391,not_delivered,returning_to_sender
21386368841,not_delivered,stolen
21384370894,not_delivered,stolen
21385870751,not_delivered,stolen
21386256457,not_delivered,stolen
21385326007,not_delivered,stolen
21385454694,not_delivered,returning_to_sender
21385342394,not_delivered,stolen
21384962204,not_delivered,returning_to_sender
21386423171,not_delivered,returning_to_sender
21385526537,not_delivered,returning_to_sender
21383862046,not_delivered,returning_to_sender
21386055304,not_delivered,returning_to_sender
21386256584,not_delivered,returning_to_sender
21386943117,not_delivered,returning_to_sender
21387547555,not_delivered,stolen
21385066134,not_delivered,stolen
21384113011,not_delivered,stolen
21386489724,not_delivered,stolen
21385781927,not_delivered,returning_to_sender
21385651651,not_delivered,returning_to_sender
21384542727,not_delivered,stolen
21386070237,not_delivered,stolen
21385867431,not_delivered,returned
21385548334,not_delivered,returning_to_sender
21386310424,not_delivered,returning_to_sender
21385871057,not_delivered,stolen
21385818201,not_delivered,returning_to_sender
21385666181,not_delivered,returning_to_sender
21385572484,not_delivered,returning_to_sender
21384939311,not_delivered,returning_to_sender
21386454354,not_delivered,stolen
21386554717,not_delivered,returned
21385590107,not_delivered,returning_to_sender
21386141211,not_delivered,returning_to_sender
21385602344,not_delivered,returning_to_sender
21385616131,not_delivered,returning_to_sender
21385938814,not_delivered,returning_to_sender
21386097774,not_delivered,returning_to_sender
21387010608,not_delivered,stolen
21385645844,not_delivered,stolen
21385588734,not_delivered,returning_to_sender
21385759931,not_delivered,returning_to_sender
21385637454,not_delivered,returning_to_sender
21385123597,not_delivered,returning_to_sender
21387703462,not_delivered,stolen
21385712794,not_delivered,returning_to_sender
21386738121,not_delivered,returning_to_sender
21384709327,not_delivered,stolen
21386275921,not_delivered,returning_to_sender
21383760620,not_delivered,returning_to_sender
21387017705,not_delivered,returning_to_sender
21385326901,not_delivered,stolen
21386653204,not_delivered,returning_to_sender
21386498511,not_delivered,returning_to_sender
21383437560,not_delivered,returning_to_sender
21386823934,not_delivered,returning_to_sender
21386695744,not_delivered,returning_to_sender
21385632574,not_delivered,returning_to_sender
21385965797,not_delivered,returning_to_sender
21385833627,not_delivered,returning_to_sender
21385949037,not_delivered,returning_to_sender
21386901134,not_delivered,returning_to_sender
21385169604,not_delivered,returning_to_sender
21385096117,not_delivered,returning_to_sender
21384986747,not_delivered,returning_to_sender
21387075645,not_delivered,returning_to_sender
21386291631,not_delivered,returning_to_sender
21387491808,not_delivered,returning_to_sender
21387290868,not_delivered,returning_to_sender
21387282985,not_delivered,returning_to_sender
21385621217,not_delivered,returning_to_sender
21387221072,not_delivered,returning_to_sender
21385900301,not_delivered,returning_to_sender
21387242388,not_delivered,returning_to_sender
21387350542,not_delivered,returning_to_sender
21386850521,not_delivered,returning_to_sender
21386448701,not_delivered,returning_to_sender
21385763451,not_delivered,returning_to_sender
21385726954,not_delivered,returning_to_sender
21386888414,not_delivered,stolen
21386509267,not_delivered,stolen
21385917027,not_delivered,stolen
21386143697,not_delivered,returning_to_sender
21386679034,not_delivered,returning_to_sender
21386997854,not_delivered,returning_to_sender
21385848861,not_delivered,returning_to_sender
21385166364,not_delivered,stolen
21384425961,not_delivered,stolen
21383827691,not_delivered,stolen
21384744385,not_delivered,returned
21385279542,not_delivered,returned
21384700515,not_delivered,stolen
21385863218,not_delivered,stolen
21385793852,not_delivered,stolen
21385795788,not_delivered,stolen
21385771492,not_delivered,stolen
21385023848,not_delivered,stolen
21386119472,not_delivered,stolen
21384788162,not_delivered,stolen
21385449568,not_delivered,stolen
21385419408,not_delivered,returned
21385893455,not_delivered,returning_to_sender
21384968702,not_delivered,returning_to_sender
21385714428,not_delivered,stolen
21385818198,not_delivered,stolen
21382598784,not_delivered,stolen
21383727341,not_delivered,stolen
21386834068,not_delivered,returning_to_sender
21387187096,not_delivered,returning_to_sender
21386713818,not_delivered,returned
21387052369,not_delivered,returning_to_sender
21387013366,not_delivered,returning_to_sender
21385543942,not_delivered,returning_to_sender
21385464775,not_delivered,returning_to_sender
21387062976,not_delivered,stolen
21385921085,not_delivered,returning_to_sender
21385165962,not_delivered,returning_to_sender
21385662622,not_delivered,returning_to_sender
21385786612,not_delivered,returning_to_sender
21385196695,not_delivered,returning_to_sender
21384333575,not_delivered,stolen
21385607135,not_delivered,returning_to_sender
21385963152,not_delivered,stolen
21385099712,not_delivered,stolen
21386104702,not_delivered,returning_to_sender
21385844662,not_delivered,returning_to_sender
21387004586,not_delivered,returning_to_sender
21385830205,not_delivered,returning_to_sender
21386717182,not_delivered,stolen
21386535015,not_delivered,stolen
21386883185,not_delivered,stolen
21385651012,not_delivered,returning_to_sender
21387510610,not_delivered,stolen
21385773688,not_delivered,returning_to_sender
21385891125,not_delivered,returning_to_sender
21385840312,not_delivered,returning_to_sender
21385533715,not_delivered,returning_to_sender
21386183605,not_delivered,stolen
21387508576,not_delivered,stolen
21385375698,not_delivered,stolen
21384304975,not_delivered,stolen
21387566276,not_delivered,stolen
21386120068,not_delivered,returning_to_sender
21383885067,not_delivered,returning_to_sender
21386494608,not_delivered,returning_to_sender
21385715868,not_delivered,returning_to_sender
21385601555,not_delivered,returning_to_sender
21385781592,not_delivered,returning_to_sender
21387175779,not_delivered,returning_to_sender
21385570988,not_delivered,returning_to_sender
21385298112,not_delivered,returning_to_sender
21387684249,not_delivered,returning_to_sender
21387556703,not_delivered,returning_to_sender
21385732552,not_delivered,returning_to_sender
21385840588,not_delivered,returning_to_sender
21385691138,not_delivered,returning_to_sender
21386811802,not_delivered,returning_to_sender
21385056325,not_delivered,returning_to_sender
21385810252,not_delivered,returning_to_sender
21385329645,not_delivered,returning_to_sender
21386016495,not_delivered,returning_to_sender
21386465212,not_delivered,returning_to_sender
21387689453,not_delivered,returning_to_sender
21386456432,not_delivered,returning_to_sender
21386067518,not_delivered,returning_to_sender
21386719448,not_delivered,returning_to_sender
21387476456,not_delivered,returning_to_sender
21386917838,not_delivered,returning_to_sender
21387673393,not_delivered,returning_to_sender
21387310940,not_delivered,returning_to_sender
21387181036,not_delivered,returning_to_sender
21385556368,not_delivered,returning_to_sender
21387543736,not_delivered,returning_to_sender
21389497093,not_delivered,returning_to_sender
21386658918,not_delivered,returning_to_sender
21387610009,not_delivered,returning_to_sender
21386580375,not_delivered,returning_to_sender
21386480525,not_delivered,returning_to_sender
21387117043,not_delivered,returning_to_sender
21385799658,not_delivered,returning_to_sender
21385827012,not_delivered,returning_to_sender
21386052038,not_delivered,returning_to_sender
21387689376,not_delivered,returning_to_sender
21385691405,not_delivered,returning_to_sender
21386215908,not_delivered,returning_to_sender
21386056648,not_delivered,returning_to_sender
21387877490,not_delivered,returning_to_sender
21386526115,not_delivered,returning_to_sender
21387352346,not_delivered,returning_to_sender
21386869178,not_delivered,returning_to_sender
21385763728,not_delivered,returning_to_sender
21385270855,not_delivered,stolen
21385822398,not_delivered,stolen
21385734055,not_delivered,returning_to_sender
21385994065,not_delivered,stolen
21384614732,not_delivered,stolen
21385303228,not_delivered,stolen
21385423038,not_delivered,stolen
21385156432,not_delivered,returned
21385578535,not_delivered,returning_to_sender
21385172058,not_delivered,stolen
21384885802,not_delivered,stolen
21385966468,not_delivered,returned
21386328082,not_delivered,stolen
21385844448,not_delivered,returning_to_sender
21385694418,not_delivered,returning_to_sender
21387248179,not_delivered,stolen
21385578802,not_delivered,returning_to_sender
21386215075,not_delivered,returning_to_sender
21387040183,not_delivered,returning_to_sender
21384486162,not_delivered,stolen
21386256978,not_delivered,returning_to_sender
21386666475,not_delivered,returning_to_sender
21386333942,not_delivered,returning_to_sender
21385302888,not_delivered,returning_to_sender
21385885985,not_delivered,returning_to_sender
21386115648,not_delivered,stolen
21386068498,not_delivered,returning_to_sender
21386236538,not_delivered,returning_to_sender
21386615845,not_delivered,returning_to_sender
21386530005,not_delivered,returning_to_sender
21385460965,not_delivered,returning_to_sender
21384824918,not_delivered,stolen
21385520788,not_delivered,returning_to_sender
21385640168,not_delivered,stolen
21384703725,not_delivered,returning_to_sender
21385849455,not_delivered,returning_to_sender
21386065115,not_delivered,returning_to_sender
21384676035,not_delivered,returned
21386440672,not_delivered,returning_to_sender
21386508502,not_delivered,stolen
21387017620,not_delivered,stolen
21387044820,not_delivered,stolen
21387214853,not_delivered,stolen
21385556935,not_delivered,returning_to_sender
21386045802,not_delivered,returning_to_sender
21386745875,not_delivered,returning_to_sender
21387016639,not_delivered,returning_to_sender
21385139572,not_delivered,returning_to_sender
21385429745,not_delivered,stolen
21386586572,not_delivered,returning_to_sender
21385693465,not_delivered,returning_to_sender
21382643207,not_delivered,returning_to_sender
21387540626,not_delivered,stolen
21386154545,not_delivered,stolen
21386104038,not_delivered,returning_to_sender
21387454613,not_delivered,returning_to_sender
21386761662,not_delivered,returning_to_sender
21386489125,not_delivered,returning_to_sender
21385743378,not_delivered,returning_to_sender
21386065552,not_delivered,returning_to_sender
21385898832,not_delivered,returning_to_sender
21386196775,not_delivered,returning_to_sender
21385821078,not_delivered,returning_to_sender
21387627140,not_delivered,returning_to_sender
21387157793,not_delivered,returning_to_sender
21385431928,not_delivered,stolen
21386801588,not_delivered,returning_to_sender
21385398022,not_delivered,stolen
21385606095,not_delivered,returning_to_sender
21387592689,not_delivered,returning_to_sender
21385416172,not_delivered,returning_to_sender
21385475402,not_delivered,stolen
21384657198,not_delivered,returning_to_sender
21387221156,not_delivered,returning_to_sender
21384246915,not_delivered,returning_to_sender
21385456402,not_delivered,returning_to_sender
21386172655,not_delivered,returning_to_sender
21385623258,not_delivered,returning_to_sender
21385882215,not_delivered,returning_to_sender
21386078372,not_delivered,returning_to_sender
21386400758,not_delivered,returning_to_sender
21386170368,not_delivered,returning_to_sender
21386409178,not_delivered,returning_to_sender
21387303389,not_delivered,returning_to_sender
21386560432,not_delivered,returning_to_sender
21385764115,not_delivered,returning_to_sender
21385637545,not_delivered,returning_to_sender
21385822305,not_delivered,returning_to_sender
21387184169,not_delivered,returning_to_sender
21387143040,not_delivered,returning_to_sender
21387140659,not_delivered,returning_to_sender
21386150012,not_delivered,returning_to_sender
21386737942,not_delivered,returning_to_sender
21388747153,not_delivered,returning_to_sender
21386238902,not_delivered,returning_to_sender
21387007289,not_delivered,returning_to_sender
21387246546,not_delivered,returning_to_sender
21386172845,not_delivered,returning_to_sender
21386218245,not_delivered,returning_to_sender
21385918325,not_delivered,returning_to_sender
21386782288,not_delivered,returning_to_sender
21387675959,not_delivered,returning_to_sender
21385156095,not_delivered,returning_to_sender
21386184338,not_delivered,returning_to_sender
21388769253,not_delivered,returning_to_sender
21384866415,not_delivered,returning_to_sender
21385844765,not_delivered,returning_to_sender
21385425022,not_delivered,returning_to_sender
21385498865,not_delivered,returning_to_sender
21386312908,not_delivered,returning_to_sender
21389407789,not_delivered,stolen
21385313269,not_delivered,stolen
21385931460,not_delivered,returned
21385668979,not_delivered,returning_to_sender
21384070779,not_delivered,stolen
21384572319,not_delivered,stolen
21383636788,not_delivered,stolen
21385074099,not_delivered,stolen
21385708989,not_delivered,stolen
21385441806,not_delivered,stolen
21385372513,not_delivered,returning_to_sender
21385786163,not_delivered,stolen
21383013765,not_delivered,stolen
21385976269,not_delivered,returned
21385413646,not_delivered,returned
21386343729,not_delivered,returning_to_sender
21385947753,not_delivered,returning_to_sender
21385458813,not_delivered,returning_to_sender
21385608019,not_delivered,returning_to_sender
21386092213,not_delivered,returning_to_sender
21386164726,not_delivered,stolen
21386163216,not_delivered,returning_to_sender
21386695416,not_delivered,returning_to_sender
21386118456,not_delivered,returning_to_sender
21386001149,not_delivered,returning_to_sender
21386235983,not_delivered,stolen
21386271836,not_delivered,returning_to_sender
21386929733,not_delivered,returning_to_sender
21385877486,not_delivered,returning_to_sender
21386155446,not_delivered,stolen
21385527473,not_delivered,stolen
21387528051,not_delivered,returning_to_sender
21387497124,not_delivered,stolen
21387542234,not_delivered,stolen
21386900909,not_delivered,stolen
21387299121,not_delivered,stolen
21383329732,not_delivered,stolen
21386177700,not_delivered,stolen
21385893906,not_delivered,returning_to_sender
21384378870,not_delivered,returned
21386017773,not_delivered,returning_to_sender
21386258790,not_delivered,returning_to_sender
21386030890,not_delivered,returning_to_sender
21386721329,not_delivered,returning_to_sender
21386375359,not_delivered,returning_to_sender
21384736023,not_delivered,returning_to_sender
21385595146,not_delivered,returning_to_sender
21387236774,not_delivered,returning_to_sender
21384948806,not_delivered,returning_to_sender
21386277170,not_delivered,returning_to_sender
21385815429,not_delivered,returning_to_sender
21385765179,not_delivered,returning_to_sender
21386460193,not_delivered,returning_to_sender
21386116380,not_delivered,returning_to_sender
21386234670,not_delivered,returning_to_sender
21384981700,not_delivered,returning_to_sender
21385543210,not_delivered,returning_to_sender
21385729620,not_delivered,returning_to_sender
21384483530,not_delivered,returning_to_sender
21386304430,not_delivered,stolen
21385458313,not_delivered,returning_to_sender
21385519569,not_delivered,returning_to_sender
21385858246,not_delivered,stolen
21385527606,not_delivered,returning_to_sender
21385842453,not_delivered,returned
21385171516,not_delivered,stolen
21384692319,not_delivered,stolen
21385983043,not_delivered,stolen
21385361946,not_delivered,stolen
21385440086,not_delivered,returning_to_sender
21386474396,not_delivered,returning_to_sender
21386708036,not_delivered,returning_to_sender
21385268589,not_delivered,stolen
21385749863,not_delivered,returning_to_sender
21385542440,not_delivered,returning_to_sender
21385906189,not_delivered,returned
21386174566,not_delivered,returning_to_sender
21385105503,not_delivered,returning_to_sender
21386546190,not_delivered,returning_to_sender
21384716443,not_delivered,stolen
21384681879,not_delivered,stolen
21385848949,not_delivered,returning_to_sender
21386585073,not_delivered,returning_to_sender
21386373649,not_delivered,returning_to_sender
21385641696,not_delivered,returning_to_sender
21386346709,not_delivered,returning_to_sender
21385542856,not_delivered,returning_to_sender
21385497359,not_delivered,returning_to_sender
21387201481,not_delivered,returning_to_sender
21386198326,not_delivered,returning_to_sender
21385619686,not_delivered,returning_to_sender
21386811783,not_delivered,returning_to_sender
21387675977,not_delivered,returning_to_sender
21385030243,not_delivered,returning_to_sender
21385163690,not_delivered,returning_to_sender
21385802293,not_delivered,returning_to_sender
21385934399,not_delivered,returning_to_sender
21384203616,not_delivered,returning_to_sender
21383777335,not_delivered,returning_to_sender
21388779251,not_delivered,returning_to_sender
21387054431,not_delivered,returning_to_sender
21386833193,not_delivered,returning_to_sender
21385702366,not_delivered,returning_to_sender
21387754877,not_delivered,returning_to_sender
21386973146,not_delivered,returning_to_sender
21386377393,not_delivered,returning_to_sender
21386875950,not_delivered,returning_to_sender
21384839276,not_delivered,returning_to_sender
21386221759,not_delivered,returning_to_sender
21386108130,not_delivered,returning_to_sender
21389178581,not_delivered,returning_to_sender
21386283470,not_delivered,returning_to_sender
21385830903,not_delivered,returning_to_sender
21385701729,not_delivered,returning_to_sender
21386316156,not_delivered,returning_to_sender
21385657600,not_delivered,returning_to_sender
21385898280,not_delivered,returning_to_sender
21386930336,not_delivered,returning_to_sender
21386413356,not_delivered,returning_to_sender
21385780893,not_delivered,returning_to_sender
21386592876,not_delivered,returning_to_sender
21385734876,not_delivered,returning_to_sender
21387129284,not_delivered,returning_to_sender
21385453820,not_delivered,returning_to_sender
21386896836,not_delivered,returning_to_sender
21385570903,not_delivered,returning_to_sender
21385644126,not_delivered,returning_to_sender
21387050307,not_delivered,returning_to_sender
21385013799,not_delivered,returning_to_sender
21385785300,not_delivered,returning_to_sender
21385889563,not_delivered,returning_to_sender
21385913413,not_delivered,returning_to_sender
21386116049,not_delivered,returning_to_sender
21387301224,not_delivered,returning_to_sender
21385913603,not_delivered,stolen
21386638846,not_delivered,stolen
21385696069,not_delivered,stolen
21388000651,not_delivered,stolen
21385119059,not_delivered,stolen
21387228187,not_delivered,returning_to_sender
21385218808,not_delivered,returned
21384944952,not_delivered,stolen
21384133118,not_delivered,stolen
21385841988,not_delivered,returning_to_sender
21384622212,not_delivered,stolen
21385579635,not_delivered,returning_to_sender
21385138102,not_delivered,stolen
21383141311,not_delivered,returned
21385636048,not_delivered,returning_to_sender
21387466260,not_delivered,returning_to_sender
21386172252,not_delivered,returning_to_sender
21385824972,not_delivered,returning_to_sender
21384220592,not_delivered,returning_to_sender
21385101642,not_delivered,returning_to_sender
21385763668,not_delivered,returning_to_sender
21385754972,not_delivered,returning_to_sender
21386854158,not_delivered,stolen
21387142036,not_delivered,stolen
21386700382,not_delivered,returning_to_sender
21387187359,not_delivered,stolen
21385532582,not_delivered,returning_to_sender
21386649915,not_delivered,returning_to_sender
21386289108,not_delivered,returning_to_sender
21385930692,not_delivered,returned
21387071420,not_delivered,returning_to_sender
21385537188,not_delivered,returning_to_sender
21385450885,not_delivered,returning_to_sender
21385894608,not_delivered,returning_to_sender
21385502148,not_delivered,returning_to_sender
21385417998,not_delivered,stolen
21387434320,not_delivered,returning_to_sender
21385059505,not_delivered,stolen
21385681822,not_delivered,returning_to_sender
21385891705,not_delivered,returning_to_sender
21388001459,not_delivered,returning_to_sender
21386002182,not_delivered,returning_to_sender
21385621708,not_delivered,returning_to_sender
21385709422,not_delivered,returning_to_sender
21385886352,not_delivered,returning_to_sender
21385834938,not_delivered,returning_to_sender
21387214979,not_delivered,returning_to_sender
21387097510,not_delivered,returning_to_sender
21385460858,not_delivered,returning_to_sender
21386534995,not_delivered,returning_to_sender
21385945482,not_delivered,stolen
21385787485,not_delivered,stolen
21386275652,not_delivered,stolen
21385510742,not_delivered,stolen
21386499928,not_delivered,stolen
21386020622,not_delivered,stolen
21386691985,not_delivered,returning_to_sender
21385341022,not_delivered,stolen
21383929577,not_delivered,returning_to_sender
21386457332,not_delivered,returning_to_sender
21384349962,not_delivered,stolen
21385576965,not_delivered,returning_to_sender
21386388102,not_delivered,returning_to_sender
21385740762,not_delivered,returning_to_sender
21385626102,not_delivered,returning_to_sender
21385452932,not_delivered,returning_to_sender
21385187988,not_delivered,returning_to_sender
21385632402,not_delivered,returning_to_sender
21385735198,not_delivered,returning_to_sender
21385848415,not_delivered,returning_to_sender
21385903858,not_delivered,stolen
21386030498,not_delivered,returning_to_sender
21388182906,not_delivered,returning_to_sender
21386525292,not_delivered,returning_to_sender
21385679428,not_delivered,returning_to_sender
21386610788,not_delivered,returning_to_sender
21385849312,not_delivered,returning_to_sender
21386312315,not_delivered,returning_to_sender
21386778512,not_delivered,returning_to_sender
21386482512,not_delivered,returning_to_sender
21386595295,not_delivered,stolen
21385764332,not_delivered,returning_to_sender
21385762348,not_delivered,returning_to_sender
21385724475,not_delivered,returning_to_sender
21386311855,not_delivered,returning_to_sender
21386276388,not_delivered,returning_to_sender
21386375692,not_delivered,returning_to_sender
21385787062,not_delivered,returning_to_sender
21385899552,not_delivered,returning_to_sender
21384954658,not_delivered,returning_to_sender
21386149768,not_delivered,returning_to_sender
21388093999,not_delivered,returning_to_sender
21387595343,not_delivered,stolen
21383997194,not_delivered,stolen
21386053135,not_delivered,stolen
21386432005,not_delivered,stolen
21385968395,not_delivered,stolen
21384667009,not_delivered,returned
21384828290,not_delivered,stolen
21384334300,not_delivered,stolen
21385122953,not_delivered,returned
21385122799,not_delivered,stolen
21385073093,not_delivered,returned
21386134529,not_delivered,returned
21386145026,not_delivered,stolen
21386340239,not_delivered,returning_to_sender
21385132116,not_delivered,returning_to_sender
21385617029,not_delivered,returning_to_sender
21386814676,not_delivered,stolen
21385592120,not_delivered,returned
21384854226,not_delivered,returned
21385634876,not_delivered,returning_to_sender
21385475023,not_delivered,returning_to_sender
21385580093,not_delivered,returning_to_sender
21386883429,not_delivered,returning_to_sender
21385523790,not_delivered,stolen
21384562040,not_delivered,stolen
21386319626,not_delivered,stolen
21384318429,not_delivered,stolen
21386422563,not_delivered,returning_to_sender
21384829870,not_delivered,stolen
21384404189,not_delivered,returning_to_sender
21385636606,not_delivered,returning_to_sender
21385160256,not_delivered,returning_to_sender
21385284563,not_delivered,stolen
21385692019,not_delivered,returning_to_sender
21385740609,not_delivered,returning_to_sender
21386496203,not_delivered,returning_to_sender
21384131150,not_delivered,returning_to_sender
21384800863,not_delivered,returning_to_sender
21385571890,not_delivered,returning_to_sender
21386156996,not_delivered,returning_to_sender
21385756170,not_delivered,returning_to_sender
21385525296,not_delivered,returning_to_sender
21384619480,not_delivered,returning_to_sender
21385765669,not_delivered,stolen
21385542480,not_delivered,returning_to_sender
21385630723,not_delivered,returning_to_sender
21385421139,not_delivered,returning_to_sender
21383801092,not_delivered,returning_to_sender
21385864923,not_delivered,returning_to_sender
21385642110,not_delivered,returning_to_sender
21385631550,not_delivered,returning_to_sender
21385716129,not_delivered,returned
21385571833,not_delivered,returning_to_sender
21385354063,not_delivered,stolen
21385294269,not_delivered,stolen
21386138949,not_delivered,stolen
21386033466,not_delivered,returning_to_sender
21386475459,not_delivered,returning_to_sender
21386472753,not_delivered,returning_to_sender
21386322756,not_delivered,returning_to_sender
21385956799,not_delivered,returning_to_sender
21383630092,not_delivered,returning_to_sender
21386541553,not_delivered,returning_to_sender
21385835493,not_delivered,returning_to_sender
21385453916,not_delivered,stolen
21387601284,not_delivered,stolen
21385660403,not_delivered,returning_to_sender
21386792093,not_delivered,returning_to_sender
21386121850,not_delivered,returning_to_sender
21385162050,not_delivered,returning_to_sender
21385940329,not_delivered,returning_to_sender
21386405850,not_delivered,returning_to_sender
21385682820,not_delivered,returning_to_sender
21387701281,not_delivered,returning_to_sender
21382511462,not_delivered,returning_to_sender
21385845409,not_delivered,returning_to_sender
21385787346,not_delivered,returning_to_sender
21386682876,not_delivered,returning_to_sender
21387578457,not_delivered,returning_to_sender
21385530846,not_delivered,returning_to_sender
21386460633,not_delivered,returning_to_sender
21386934049,not_delivered,returning_to_sender
21386483779,not_delivered,returning_to_sender
21386704303,not_delivered,returning_to_sender
21386947340,not_delivered,stolen
21385920489,not_delivered,stolen
21386561690,not_delivered,returning_to_sender
21385372863,not_delivered,returning_to_sender
21385835506,not_delivered,returning_to_sender
21385841503,not_delivered,returning_to_sender
21384821720,not_delivered,stolen
21385553499,not_delivered,stolen
21385894970,not_delivered,returning_to_sender
21386477880,not_delivered,returning_to_sender
21385562673,not_delivered,returning_to_sender
21386509366,not_delivered,stolen
21384908636,not_delivered,stolen
21386725126,not_delivered,stolen
21383845482,not_delivered,stolen
21385448099,not_delivered,returning_to_sender
21385216179,not_delivered,returning_to_sender
21384664029,not_delivered,stolen
21385890980,not_delivered,returning_to_sender
21385619359,not_delivered,returning_to_sender
21385981859,not_delivered,stolen
21386927640,not_delivered,returning_to_sender
21386393106,not_delivered,returned
21385778996,not_delivered,stolen
21387603937,not_delivered,returning_to_sender
21386569916,not_delivered,returning_to_sender
21385635026,not_delivered,returning_to_sender
21388111051,not_delivered,returning_to_sender
21385556070,not_delivered,returning_to_sender
21388180981,not_delivered,returning_to_sender
21386593256,not_delivered,returning_to_sender
21386601876,not_delivered,returning_to_sender
21386773923,not_delivered,returning_to_sender
21387066801,not_delivered,returning_to_sender
21385515196,not_delivered,returning_to_sender
21387440187,not_delivered,returning_to_sender
21386442996,not_delivered,returning_to_sender
21385502953,not_delivered,returning_to_sender
21385473616,not_delivered,returning_to_sender
21384865773,not_delivered,returning_to_sender
21385885190,not_delivered,returning_to_sender
21385832216,not_delivered,returning_to_sender
21385743343,not_delivered,returning_to_sender
21384434206,not_delivered,returning_to_sender
21385882533,not_delivered,returning_to_sender
21386118446,not_delivered,returning_to_sender
21386143746,not_delivered,returning_to_sender
21385790490,not_delivered,returning_to_sender
21385443739,not_delivered,returning_to_sender
21386974773,not_delivered,returning_to_sender
21386920980,not_delivered,returning_to_sender
21389393201,not_delivered,stolen
21387493097,not_delivered,returning_to_sender
21385115693,not_delivered,stolen
21384849866,not_delivered,stolen
21384123443,not_delivered,stolen
21385966919,not_delivered,stolen
21386882589,not_delivered,stolen
21387669631,not_delivered,stolen
21385140709,not_delivered,stolen
21386008833,not_delivered,returning_to_sender
21384970686,not_delivered,stolen
21386011230,not_delivered,stolen
21386113199,not_delivered,returning_to_sender
21384302719,not_delivered,stolen
21386108599,not_delivered,returning_to_sender
21385362423,not_delivered,returning_to_sender
21385852760,not_delivered,stolen
21385501026,not_delivered,returned
21385918670,not_delivered,stolen
21385877009,not_delivered,stolen
21384778080,not_delivered,stolen
21383665502,not_delivered,stolen
21383708395,not_delivered,stolen
21386339790,not_delivered,stolen
21385356180,not_delivered,stolen
21385807119,not_delivered,stolen
21384375019,not_delivered,stolen
21383745222,not_delivered,stolen
21384598673,not_delivered,stolen
21386508706,not_delivered,stolen
21385378913,not_delivered,returning_to_sender
21385021050,not_delivered,stolen
21385588810,not_delivered,stolen
21384318103,not_delivered,stolen
21386707050,not_delivered,returning_to_sender
21384701093,not_delivered,stolen
21386497226,not_delivered,stolen
21386017776,not_delivered,returning_to_sender
21385674993,not_delivered,stolen
21384295433,not_delivered,stolen
21384411673,not_delivered,returning_to_sender
21386235823,not_delivered,returning_to_sender
21386211859,not_delivered,returning_to_sender
21386950476,not_delivered,returning_to_sender
21385843896,not_delivered,returning_to_sender
21387208067,not_delivered,returning_to_sender
21386032743,not_delivered,returning_to_sender
21384892253,not_delivered,returning_to_sender
21386374176,not_delivered,stolen
21386236009,not_delivered,stolen
21386262376,not_delivered,returning_to_sender
21387176651,not_delivered,returning_to_sender
21386170086,not_delivered,returning_to_sender
21386130629,not_delivered,returning_to_sender
21383980102,not_delivered,returning_to_sender
21386251160,not_delivered,returning_to_sender
21386157510,not_delivered,returning_to_sender
21385972296,not_delivered,returning_to_sender
21385726996,not_delivered,returning_to_sender
21384680610,not_delivered,returning_to_sender
21386266549,not_delivered,returning_to_sender
21386937443,not_delivered,returning_to_sender
21386431433,not_delivered,stolen
21385346679,not_delivered,stolen
21386749456,not_delivered,returning_to_sender
21385576959,not_delivered,returning_to_sender
21385635539,not_delivered,returning_to_sender
21385031136,not_delivered,returning_to_sender
21385633160,not_delivered,returning_to_sender
21386548853,not_delivered,returning_to_sender
21385338239,not_delivered,returning_to_sender
21387149994,not_delivered,stolen
21385227379,not_delivered,stolen
21385062143,not_delivered,stolen
21385560786,not_delivered,returning_to_sender
21386659869,not_delivered,stolen
21385889383,not_delivered,returning_to_sender
21386831619,not_delivered,stolen
21386643519,not_delivered,returning_to_sender
21387113451,not_delivered,returning_to_sender
21386448173,not_delivered,returning_to_sender
21384877793,not_delivered,returning_to_sender
21386735450,not_delivered,returning_to_sender
21386650696,not_delivered,returning_to_sender
21387592117,not_delivered,returning_to_sender
21387034347,not_delivered,stolen
21387371097,not_delivered,stolen
21386969749,not_delivered,stolen
21384046259,not_delivered,stolen
21386902819,not_delivered,stolen
21385834066,not_delivered,returning_to_sender
21385603923,not_delivered,returning_to_sender
21385213929,not_delivered,returning_to_sender
21386007400,not_delivered,returning_to_sender
21385044646,not_delivered,stolen
21385520829,not_delivered,returning_to_sender
21386151973,not_delivered,returning_to_sender
21386783620,not_delivered,returning_to_sender
21385106453,not_delivered,returning_to_sender
21385116659,not_delivered,returning_to_sender
21385703689,not_delivered,returning_to_sender
21386471496,not_delivered,returning_to_sender
21386586663,not_delivered,returning_to_sender
21386646070,not_delivered,returning_to_sender
21385554140,not_delivered,returning_to_sender
21385847153,not_delivered,returning_to_sender
21385534236,not_delivered,returning_to_sender
21385617979,not_delivered,returning_to_sender
21385836790,not_delivered,returning_to_sender
21387569034,not_delivered,returning_to_sender
21384910550,not_delivered,returning_to_sender
21386968809,not_delivered,returning_to_sender
21385067446,not_delivered,returning_to_sender
21386395413,not_delivered,returning_to_sender
21386356453,not_delivered,returning_to_sender
21386728289,not_delivered,returning_to_sender
21386706879,not_delivered,returning_to_sender
21385808403,not_delivered,returning_to_sender
21387000071,not_delivered,returning_to_sender
21387434927,not_delivered,returning_to_sender
21385998160,not_delivered,returning_to_sender
21385589596,not_delivered,returning_to_sender
21385774433,not_delivered,returning_to_sender
21386053403,not_delivered,returning_to_sender
21386618360,not_delivered,returning_to_sender
21385909720,not_delivered,returning_to_sender
21385081390,not_delivered,returning_to_sender
21386096826,not_delivered,returning_to_sender
21385026409,not_delivered,stolen
21386438256,not_delivered,stolen
21383724598,not_delivered,stolen
21385061119,not_delivered,stolen
21385726326,not_delivered,stolen
21387422237,not_delivered,stolen
21384862826,not_delivered,returning_to_sender
21383495068,not_delivered,stolen
21387529891,not_delivered,stolen
21385894431,not_delivered,stolen
21386386541,not_delivered,stolen
21386552388,not_delivered,stolen
21387231154,not_delivered,stolen